{"IcoMoonType":"selection","icons":[{"icon":{"paths":["M365.714 256v512c0 20-16.571 36.571-36.571 36.571-9.714 0-18.857-4-25.714-10.857l-256-256c-6.857-6.857-10.857-16-10.857-25.714s4-18.857 10.857-25.714l256-256c6.857-6.857 16-10.857 25.714-10.857 20 0 36.571 16.571 36.571 36.571z"],"width":402.2857142857143,"attrs":[],"isMulticolor":false,"isMulticolor2":false,"tags":["caret-left"],"defaultCode":61657,"grid":14},"attrs":[],"properties":{"name":"caret-left","id":193,"order":16,"prevSize":28,"code":61657},"setIdx":0,"setId":2,"iconIdx":193},{"icon":{"paths":["M329.143 512c0 9.714-4 18.857-10.857 25.714l-256 256c-6.857 6.857-16 10.857-25.714 10.857-20 0-36.571-16.571-36.571-36.571v-512c0-20 16.571-36.571 36.571-36.571 9.714 0 18.857 4 25.714 10.857l256 256c6.857 6.857 10.857 16 10.857 25.714z"],"width":329.1428571428571,"attrs":[],"isMulticolor":false,"isMulticolor2":false,"tags":["caret-right"],"defaultCode":61658,"grid":14},"attrs":[],"properties":{"name":"caret-right","id":194,"order":15,"prevSize":28,"code":61658},"setIdx":0,"setId":2,"iconIdx":194}],"height":1024,"metadata":{"name":"icomoon"},"preferences":{"showGlyphs":true,"showQuickUse":true,"showQuickUse2":true,"showSVGs":true,"fontPref":{"prefix":"icon-","metadata":{"fontFamily":"icomoon"},"metrics":{"emSize":1024,"baseline":6.25,"whitespace":50},"embed":false},"imagePref":{"prefix":"icon-","png":true,"useClassSelector":true,"color":0,"bgColor":16777215,"classSelector":".icon"},"historySize":50,"showCodes":true,"gridSize":16}}